Name,Password
User01a1a,common1^
User02a1a,common1^
User03a1a,common1^
User04a1a,common1^
User05a1a,common1^
User06a1a,common1^
User07a1a,common1^
User08a1a,common1^
User09a1a,common1^
User10a1a,common1^
User11a1a,common1^
User01a1b,common1^
User02a1b,common1^
User03a1b,common1^
User04a1b,common1^
User05a1b,common1^
User06a1b,common1^
User07a1b,common1^
User08a1b,common1^
User09a1b,common1^
User10a1b,common1^
User11a1b,common1^
User01a2a,common1^
User02a2a,common1^
User03a2a,common1^
User04a2a,common1^
User05a2a,common1^
User06a2a,common1^
User07a2a,common1^
User08a2a,common1^
User09a2a,common1^
User10a2a,common1^
User11a2a,common1^
User01a2b,common1^
User02a2b,common1^
User03a2b,common1^
User04a2b,common1^
User05a2b,common1^
User06a2b,common1^
User07a2b,common1^
User08a2b,common1^
User09a2b,common1^
User10a2b,common1^
User11a2b,common1^
User01a3a,common1^
User02a3a,common1^
User03a3a,common1^
User04a3a,common1^
User05a3a,common1^
User06a3a,common1^
User07a3a,common1^
User08a3a,common1^
User09a3a,common1^
User10a3a,common1^
User11a3a,common1^
User01a3b,common1^
User02a3b,common1^
User03a3b,common1^
User04a3b,common1^
User05a3b,common1^
User06a3b,common1^
User07a3b,common1^
User08a3b,common1^
User09a3b,common1^
User10a3b,common1^
User11a3b,common1^
User01a4a,common1^
User02a4a,common1^
User03a4a,common1^
User04a4a,common1^
User05a4a,common1^
User06a4a,common1^
User07a4a,common1^
User08a4a,common1^
User09a4a,common1^
User10a4a,common1^
User11a4a,common1^
User01a4b,common1^
User02a4b,common1^
User03a4b,common1^
User04a4b,common1^
User05a4b,common1^
User06a4b,common1^
User07a4b,common1^
User08a4b,common1^
User09a4b,common1^
User10a4b,common1^
User11a4b,common1^
User01a5a,common1^
User02a5a,common1^
User03a5a,common1^
User04a5a,common1^
User05a5a,common1^
User06a5a,common1^
User07a5a,common1^
User08a5a,common1^
User09a5a,common1^
User10a5a,common1^
User11a5a,common1^
User01a5b,common1^
User02a5b,common1^
User03a5b,common1^
User04a5b,common1^
User05a5b,common1^
User06a5b,common1^
User07a5b,common1^
User08a5b,common1^
User09a5b,common1^
User10a5b,common1^
User11a5b,common1^
User01b1a,common1^
User02b1a,common1^
User03b1a,common1^
User04b1a,common1^
User05b1a,common1^
User06b1a,common1^
User07b1a,common1^
User08b1a,common1^
User09b1a,common1^
User10b1a,common1^
User11b1a,common1^
User01b1b,common1^
User02b1b,common1^
User03b1b,common1^
User04b1b,common1^
User05b1b,common1^
User06b1b,common1^
User07b1b,common1^
User08b1b,common1^
User09b1b,common1^
User10b1b,common1^
User11b1b,common1^
User01b2a,common1^
User02b2a,common1^
User03b2a,common1^
User04b2a,common1^
User05b2a,common1^
User06b2a,common1^
User07b2a,common1^
User08b2a,common1^
User09b2a,common1^
User10b2a,common1^
User11b2a,common1^
User01b2b,common1^
User02b2b,common1^
User03b2b,common1^
User04b2b,common1^
User05b2b,common1^
User06b2b,common1^
User07b2b,common1^
User08b2b,common1^
User09b2b,common1^
User10b2b,common1^
User11b2b,common1^
User01b3a,common1^
User02b3a,common1^
User03b3a,common1^
User04b3a,common1^
User05b3a,common1^
User06b3a,common1^
User07b3a,common1^
User08b3a,common1^
User09b3a,common1^
User10b3a,common1^
User11b3a,common1^
User01b3b,common1^
User02b3b,common1^
User03b3b,common1^
User04b3b,common1^
User05b3b,common1^
User06b3b,common1^
User07b3b,common1^
User08b3b,common1^
User09b3b,common1^
User10b3b,common1^
User11b3b,common1^
User01b4a,common1^
User02b4a,common1^
User03b4a,common1^
User04b4a,common1^
User05b4a,common1^
User06b4a,common1^
User07b4a,common1^
User08b4a,common1^
User09b4a,common1^
User10b4a,common1^
User11b4a,common1^
User01b4b,common1^
User02b4b,common1^
User03b4b,common1^
User04b4b,common1^
User05b4b,common1^
User06b4b,common1^
User07b4b,common1^
User08b4b,common1^
User09b4b,common1^
User10b4b,common1^
User11b4b,common1^
User01b5a,common1^
User02b5a,common1^
User03b5a,common1^
User04b5a,common1^
User05b5a,common1^
User06b5a,common1^
User07b5a,common1^
User08b5a,common1^
User09b5a,common1^
User10b5a,common1^
User11b5a,common1^
User01b5b,common1^
User02b5b,common1^
User03b5b,common1^
User04b5b,common1^
User05b5b,common1^
User06b5b,common1^
User07b5b,common1^
User08b5b,common1^
User09b5b,common1^
User10b5b,common1^
User11b5b,common1^
User01c1a,common1^
User02c1a,common1^
User03c1a,common1^
User04c1a,common1^
User05c1a,common1^
User06c1a,common1^
User07c1a,common1^
User08c1a,common1^
User09c1a,common1^
User10c1a,common1^
User11c1a,common1^
User01c1b,common1^
User02c1b,common1^
User03c1b,common1^
User04c1b,common1^
User05c1b,common1^
User06c1b,common1^
User07c1b,common1^
User08c1b,common1^
User09c1b,common1^
User10c1b,common1^
User11c1b,common1^
User01c2a,common1^
User02c2a,common1^
User03c2a,common1^
User04c2a,common1^
User05c2a,common1^
User06c2a,common1^
User07c2a,common1^
User08c2a,common1^
User09c2a,common1^
User10c2a,common1^
User11c2a,common1^
User01c2b,common1^
User02c2b,common1^
User03c2b,common1^
User04c2b,common1^
User05c2b,common1^
User06c2b,common1^
User07c2b,common1^
User08c2b,common1^
User09c2b,common1^
User10c2b,common1^
User11c2b,common1^
User01c3a,common1^
User02c3a,common1^
User03c3a,common1^
User04c3a,common1^
User05c3a,common1^
User06c3a,common1^
User07c3a,common1^
User08c3a,common1^
User09c3a,common1^
User10c3a,common1^
User11c3a,common1^
User01c3b,common1^
User02c3b,common1^
User03c3b,common1^
User04c3b,common1^
User05c3b,common1^
User06c3b,common1^
User07c3b,common1^
User08c3b,common1^
User09c3b,common1^
User10c3b,common1^
User11c3b,common1^
User01c4a,common1^
User02c4a,common1^
User03c4a,common1^
User04c4a,common1^
User05c4a,common1^
User06c4a,common1^
User07c4a,common1^
User08c4a,common1^
User09c4a,common1^
User10c4a,common1^
User11c4a,common1^
User01c4b,common1^
User02c4b,common1^
User03c4b,common1^
User04c4b,common1^
User05c4b,common1^
User06c4b,common1^
User07c4b,common1^
User08c4b,common1^
User09c4b,common1^
User10c4b,common1^
User11c4b,common1^
User01c5a,common1^
User02c5a,common1^
User03c5a,common1^
User04c5a,common1^
User05c5a,common1^
User06c5a,common1^
User07c5a,common1^
User08c5a,common1^
User09c5a,common1^
User10c5a,common1^
User11c5a,common1^
User01c5b,common1^
User02c5b,common1^
User03c5b,common1^
User04c5b,common1^
User05c5b,common1^
User06c5b,common1^
User07c5b,common1^
User08c5b,common1^
User09c5b,common1^
User10c5b,common1^
User11c5b,common1^
